Page	Keyword
https://pretty.presslogic.com/article/746343/	中短髮型
https://pretty.presslogic.com/article/746508/	男士髮型
https://pretty.presslogic.com/article/746771/%E8%A7%92%E8%9B%8B%E7%99%BD%E7%84%97%E6%B2%B9	角蛋白焗油
https://pretty.presslogic.com/article/746801/	防彈咖啡
https://pretty.presslogic.com/article/746817/%E5%85%AB%E5%AD%97%E7%9C%89	八字眉
https://pretty.presslogic.com/article/746838/	巴西焗油
https://pretty.presslogic.com/article/747037/	chiikawa 角色
https://pretty.presslogic.com/article/747387/%E5%A2%A8%E7%97%A3-%E8%87%89%E4%B8%8A%E7%9A%84%E7%97%A3	臉上的痣
https://pretty.presslogic.com/article/747410/	補色洗頭水
https://pretty.presslogic.com/article/747492/%E7%9C%9F%E7%90%86%E8%A4%B2	真理褲
https://pretty.presslogic.com/article/747498/	修容筆
https://pretty.presslogic.com/article/747572/	科目三
https://pretty.presslogic.com/article/747580/%E9%AB%AE%E5%9E%8B%E5%B1%8B%E6%8E%A8%E8%96%A6	髮型屋
https://pretty.presslogic.com/article/747598/	slasher
https://pretty.presslogic.com/article/747685/	y2k 意思
https://pretty.presslogic.com/article/747743/	transino美白丸副作用
https://pretty.presslogic.com/article/748263/%E9%A6%99%E6%B8%AF%E7%94%B7%E5%A3%AB%E9%AB%AE%E5%9E%8B%E5%B1%8B%E6%8E%A8%E8%96%A6	髮型屋推介男
https://pretty.presslogic.com/article/748478/switch%E9%81%8A%E6%88%B2%E6%8E%A8%E8%96%A6	switch遊戲推薦